,Empresa,Preço,ROInvC,RPL,Margem Líquida,Margem EBIT,Alav.Financ.,P/L,P/VPA,EV/EBIT,Div.Yield,Volume Financ.(R$),Market Cap(R$)
AALR3,ALLIAR,1470,"5,90%","3,01%","3,29%","10,90%",214,4711,140,1889,"0,00%",16.827.932,1.738.904.395
ABEV3,AMBEV S/A,1736,"21,73%","19,39%","23,44%","27,80%",156,1680,310,1328,"2,82%",376.866.735,273.271.662.185
AERI3,AERIS,800,"14,32%","20,37%","4,19%","8,06%",337,5367,609,3084,"0,00%",20.939.968,6.129.707.648
AESB3,AES BRASIL,1097,"3,25%","2,03%","4,73%","24,35%",392,20318,206,7423,"2,10%",23.887.609,5.398.408.524
AFLT3,AFLUENTE T,865,"11,32%","10,78%","50,68%","53,41%",111,2770,305,2536,"5,08%",7.647,545.682.655
AGRO3,BRASILAGRO,2536,"16,31%","19,23%","26,02%","32,29%",166,817,119,609,"10,34%",21.167.027,2.596.280.923
AGXY3,AGROGALAXY,740,"3,88%","0,57%","0,09%","1,36%",459,35729,128,3949,"0,00%",1.073.909,1.264.104.919
AHEB3,SPTURIS,2501,"186,06%","310,94%","-26,33%","-15,75%",-1563,-409,-500,-676,"0,00%",3.342,214.872.171
AHEB5,SPTURIS,1800,"186,06%","310,94%","-26,33%","-15,75%",-1563,-294,-360,-676,"0,00%",287,214.872.171
AHEB6,SPTURIS,5150,"186,06%","310,94%","-26,33%","-15,75%",-1563,-843,-1029,-676,"0,00%",0,214.872.171
ALLD3,ALLIED,1716,"30,36%","28,42%","6,10%","8,87%",296,459,108,361,"2,70%",10.207.526,1.599.373.467
ALPA3,ALPARGATAS,3443,"14,36%","14,23%","10,84%","14,25%",180,4487,596,3508,"0,00%",121.968,21.474.143.380
ALPA4,ALPARGATAS,3872,"14,36%","14,23%","10,84%","14,25%",180,5046,670,3508,"0,00%",128.573.182,21.474.143.380
ALPK3,ESTAPAR,485,"-1,33%","-31,89%","-32,27%","-4,53%",434,-441,168,-7913,"0,00%",174.929,940.614.849
ALSO3,ALIANSCSONAE,1985,"3,16%","2,08%","19,73%","33,73%",141,3304,068,2275,"1,14%",28.349.120,5.275.589.643
ALUP11,ALUPAR,2423,"24,73%","30,45%","40,74%","65,89%",245,259,071,333,"3,47%",21.003.166,7.117.536.742
ALUP3,ALUPAR,800,"24,73%","30,45%","40,74%","65,89%",245,257,070,333,"3,50%",642.397,7.117.536.742
ALUP4,ALUPAR,830,"24,73%","30,45%","40,74%","65,89%",245,266,073,333,"3,37%",664.945,7.117.536.742
AMAR3,LOJAS MARISA,437,"-5,05%","-26,19%","-11,52%","-5,35%",315,-429,130,-1895,"0,00%",32.542.840,1.143.483.649
AMBP3,AMBIPAR,3786,"9,58%","13,35%","9,74%","18,23%",311,4303,347,2815,"0,25%",89.163.675,4.275.741.362
AMER3,AMERICANAS,3122,"0,86%","-2,02%","-1,61%","1,40%",279,-13136,179,16059,"0,00%",242.648.200,28.193.651.024
ANIM3,ANIMA,691,"4,11%","1,21%","1,49%","12,33%",321,10817,108,3319,"0,00%",26.829.973,2.790.733.443
APER3,ALPER S.A.,3410,"-3,80%","-1,00%","-0,85%","-3,21%",148,-58958,,-15570,"0,00%",3.783.079,519.421.157
APTI3,ALIPERTI,,"26,53%","28,94%","294,42%","324,02%",186,,,073,,0,55.398.666
APTI4,ALIPERTI,"2.979,22","26,53%","28,94%","294,42%","324,02%",186,078,021,073,"0,00%",0,55.398.666
ARML3,ARMAC,2063,"12,32%","27,14%","15,31%","36,62%",587,24154,5382,10790,"0,00%",14.199.075,7.133.018.918
ARZZ3,AREZZO CO,7601,"23,00%","25,45%","12,64%","17,47%",214,2833,529,2084,"0,43%",57.406.787,7.572.983.778
ASAI3,ASSAI,1498,"16,10%","23,96%","4,41%","6,50%",402,1115,840,953,"0,74%",218.418.771,20.170.559.439
ATMP3,ATMASA,445,"-20,00%","-158,87%","-14,53%","-8,76%",1761,-080,056,-430,"0,00%",244.715,118.590.017
ATOM3,ATOMPAR,399,"75,12%","78,62%","33,45%","31,96%",164,707,469,621,"7,52%",162.812,83.386.986
AURA33,AURA 360,5410,"49,75%","51,92%","28,09%","36,25%",193,605,265,464,"0,00%",6.240.936,3.827.167.086
AVLL3,ALPHAVILLE,3115,"-18,29%","-137,11%","-100,96%","-63,77%",831,-196,282,-619,"0,00%",132.584,698.251.983
AZEV3,AZEVEDO,412,"-99,25%","-81,35%","357,41%","395,24%",-31,169,-299,129,"0,00%",1.166.941,190.938.000
AZEV4,AZEVEDO,320,"-99,25%","-81,35%","357,41%","395,24%",-31,131,-232,129,"0,00%",4.597.092,190.938.000
AZUL4,AZUL,2710,"-319,66%","22,32%","-52,21%","-19,48%",-115,-1080,-217,-1235,"0,00%",165.005.303,9.040.702.031
B3SA3,B3,1198,"20,06%","19,41%","45,34%","63,19%",194,1567,323,998,"8,01%",613.766.952,73.389.480.000
BAHI3,BAHEMA,1435,"-7,50%","-27,90%","-15,63%","-5,47%",404,-607,140,-1869,"0,00%",36.798,219.772.546
BALM3,BAUMER,1580,"8,16%","5,11%","4,30%","8,25%",175,2458,125,1030,"2,15%",3.425,143.374.000
BALM4,BAUMER,1346,"8,16%","5,11%","4,30%","8,25%",175,2094,106,1030,"3,05%",32.143,143.374.000
BAUH3,EXCELSIOR,,"24,07%","25,39%","11,86%","11,24%",154,,,2031,,0,443.888.870
BAUH4,EXCELSIOR,8500,"24,07%","25,39%","11,86%","11,24%",154,1993,457,2031,"0,79%",14.915,443.888.870
BBML3,BBMLOGISTICA,,"8,46%","22,23%","2,57%","3,35%",609,,,,,0,
BBRK3,BR BROKERS,139,"-91,16%","-111,95%","-96,62%","-78,69%",217,-085,224,-083,"0,00%",3.383.647,109.159.235
BDLL3,BARDELLA,992,"-55,33%","28,36%","-219,55%","-227,65%",-424,-035,-009,-560,"0,00%",12.733,16.348.548
BDLL4,BARDELLA,1040,"-55,33%","28,36%","-219,55%","-227,65%",-424,-037,-009,-560,"0,00%",6.133,16.348.548
BEEF3,MINERVA,979,"14,71%","87,01%","2,39%","8,07%",2742,1064,1381,602,"10,52%",87.870.690,5.838.522.929
BETP3B,BETAPART,,"-17,89%","-16,02%",,,100,,,,,0,
BIOM3,BIOMM,1395,"-18,18%","-50,12%","-81,30%","-67,85%",268,-1351,596,-1790,"0,00%",132.262,945.476.456
BKBR3,BK BRASIL,745,"-14,44%","-29,53%","-19,07%","-14,55%",229,-443,130,-671,"0,00%",19.813.207,2.051.398.080
BLAU3,BLAU,3788,"34,70%","37,54%","25,03%","36,11%",197,2030,437,1302,"0,33%",15.563.123,6.795.442.409
BLUT3,B TECH EQI,282,"-12,22%","-13,77%",,,302,-653,096,-450,"0,00%",616.658,31.185.814
BLUT4,B TECH EQI,092,"-12,22%","-13,77%",,,302,-213,031,-450,"0,00%",520.129,31.185.814
BMKS3,BIC MONARK,22700,"0,47%","1,56%","12,43%","3,85%",114,3545,054,-3763,"3,49%",90.844,103.228.250
BMOB3,BEMOBI TECH,1381,"14,89%","9,77%","22,87%","34,88%",105,1855,124,528,"0,00%",19.858.043,1.255.454.561
BOAS3,BOA VISTA,929,"6,13%","5,55%","9,30%","12,49%",148,7871,262,4426,"0,23%",11.551.548,4.937.081.065
BOBR3,BOMBRIL,100,"158,42%","-75,60%","12,46%","14,71%",-418,186,-227,397,"0,00%",0,358.825.349
BOBR4,BOMBRIL,180,"158,42%","-75,60%","12,46%","14,71%",-418,336,-408,397,"0,00%",120.191,358.825.349
BRAP3,BRADESPAR,4689,"41,18%","41,53%",,,102,364,137,365,"12,41%",9.327.289,19.225.681.917
BRAP4,BRADESPAR,5000,"41,18%","41,53%",,,102,388,146,365,"12,80%",156.238.353,19.225.681.917
BRBI11,BR PARTNERS,1690,"30,72%","21,32%","8,70%","12,57%",213,4857,726,5232,"0,00%",12.961.396,9.634.214.992
BRFS3,BRF SA,2310,"9,27%","11,69%","2,07%","6,67%",637,2077,223,1169,"0,00%",152.470.231,18.768.131.983
BRGE11,ALFA CONSORC,861,"8,55%","1,87%","612,09%","2.793,51%",300,1867,035,-624,"4,27%",250,585.873.922
BRGE12,ALFA CONSORC,694,"8,55%","1,87%","612,09%","2.793,51%",300,1505,028,-624,"0,01%",757,585.873.922
BRGE3,ALFA CONSORC,802,"8,55%","1,87%","612,09%","2.793,51%",300,1739,033,-624,"0,01%",1.566,585.873.922
BRGE5,ALFA CONSORC,1031,"8,55%","1,87%","612,09%","2.793,51%",300,2236,042,-624,"0,00%",0,585.873.922
BRGE6,ALFA CONSORC,1276,"8,55%","1,87%","612,09%","2.793,51%",300,2766,052,-624,"0,00%",0,585.873.922
BRGE7,ALFA CONSORC,450,"8,55%","1,87%","612,09%","2.793,51%",300,975,018,-624,"0,00%",0,585.873.922
BRGE8,ALFA CONSORC,999,"8,55%","1,87%","612,09%","2.793,51%",300,2167,041,-624,"0,00%",71,585.873.922
BRIT3,BRISANET,750,"8,30%","32,63%","7,14%","14,21%",960,7785,2442,4815,"0,00%",5.825.849,3.368.211.870
BRKM3,BRASKEM,5038,"39,13%","1.040,64%","11,35%","19,50%",9432,422,560,378,"0,00%",604.240,41.284.989.871
BRKM5,BRASKEM,5365,"39,13%","1.040,64%","11,35%","19,50%",9432,449,597,378,"0,00%",184.304.786,41.284.989.871
BRKM6,BRASKEM,3600,"39,13%","1.040,64%","11,35%","19,50%",9432,302,400,378,"0,00%",1.128,41.284.989.871
BRML3,BR MALLS PAR,746,"2,63%","1,06%","12,60%","42,03%",171,5534,058,2276,"0,00%",136.819.021,6.513.634.344
BRPR3,BR PROPERT,746,"4,23%","2,96%","65,97%","123,18%",147,1660,049,1371,"2,64%",22.068.322,3.537.231.340
BRQB3,BRQ,,"46,72%","50,13%","9,90%","15,10%",251,,,,,0,
CABI3B,CABINDA PART,,"-245,90%","-245,90%",,,152,,,,,0,
CACO3B,CACONDE PART,,"-299,01%","-299,01%",,,141,,,,,0,
CALI3,CONST A LIND,9818,"25,57%","54,92%","4,23%","13,05%",2335,1359,585,691,"0,00%",0,24.582.197
CALI4,CONST A LIND,5000,"25,57%","54,92%","4,23%","13,05%",2335,692,298,691,"0,00%",0,24.582.197
CAMB3,CAMBUCI,470,"17,82%","13,98%","6,66%","14,91%",289,1441,188,888,"0,00%",316.583,198.692.876
CAML3,CAMIL,976,"10,99%","15,93%","5,17%","7,15%",246,841,134,840,"6,56%",14.175.175,3.611.200.000
CARD3,CSU CARDSYST,1759,"20,54%","18,56%","11,13%","17,38%",184,1362,238,913,"2,85%",7.545.350,735.262.000
CASH3,MELIUZ,366,"12,21%","8,93%","7,76%","10,77%",119,16350,801,11005,"0,17%",271.023.531,2.941.168.680
CASN3,CASAN,1501,"8,85%","8,78%","10,42%","21,44%",273,9893,829,4508,"0,00%",231,9.969.553.237
CASN4,CASAN,991,"8,85%","8,78%","10,42%","21,44%",273,6534,548,4508,"0,00%",0,9.969.553.237
CATA3,IND CATAGUAS,,"3,88%","4,29%","3,10%","3,95%",181,,,,,0,
CATA4,IND CATAGUAS,,"3,88%","4,29%","3,10%","3,95%",181,,,,,0,
CBAV3,CBA,1255,"8,44%","-18,97%","-10,26%","8,20%",297,-1078,209,1735,"0,00%",30.149.000,7.477.708.329
CBEE3,AMPLA ENERG,2300,"-0,61%","0,73%","0,34%","-0,70%",381,14509,106,-16281,"0,30%",8.699,3.832.589.498
CCRO3,CCR SA,1111,"10,75%","9,44%","6,95%","27,20%",420,2799,262,1167,"0,81%",152.589.423,22.442.200.000
CEAB3,CEA MODAS,671,"0,99%","0,46%","0,25%","0,98%",261,17519,080,5423,"0,00%",21.188.831,2.068.324.406
CEBR3,CEB,1980,"107,41%","112,22%","604,40%","658,33%",186,084,068,-030,"95,78%",143.816,851.136.971
CEBR5,CEB,1950,"107,41%","112,22%","604,40%","658,33%",186,083,067,-030,"97,25%",117.513,851.136.971
CEBR6,CEB,1931,"107,41%","112,22%","604,40%","658,33%",186,082,067,-030,"108,03%",368.326,851.136.971
CEDO3,CEDRO,739,"10,75%","0,23%","0,04%","5,01%",467,20642,048,653,"0,00%",5.578,68.448.022
CEDO4,CEDRO,612,"10,75%","0,23%","0,04%","5,01%",467,17095,040,653,"0,00%",33.635,68.448.022
CEEB3,COELBA,3550,"17,34%","27,66%","12,09%","18,76%",359,545,146,712,"12,98%",37.791,9.399.681.330
CEEB5,COELBA,3900,"17,34%","27,66%","12,09%","18,76%",359,598,161,712,"0,00%",182,9.399.681.330
CEEB6,COELBA,,"17,34%","27,66%","12,09%","18,76%",359,,,712,,0,9.399.681.330
CEED3,CEEE-D,4200,"11,30%","24,92%","-23,74%","-7,60%",-122,-305,-108,-1290,"0,00%",2.340,2.868.970.453
CEED4,CEEE-D,5580,"11,30%","24,92%","-23,74%","-7,60%",-122,-405,-143,-1290,"0,00%",86,2.868.970.453
CEGR3,CEG,6000,"27,86%","34,14%","10,83%","18,29%",328,4156,1390,2578,"2,26%",10.612,15.578.263.920
CEPE3,CELPE,12506,"12,55%","24,14%","5,06%","11,00%",609,2160,494,1482,"0,00%",0,8.530.815.927
CEPE5,CELPE,2885,"12,55%","24,14%","5,06%","11,00%",609,498,114,1482,"10,27%",3.840,8.530.815.927
CEPE6,CELPE,2805,"12,55%","24,14%","5,06%","11,00%",609,484,111,1482,"0,00%",135,8.530.815.927
CESP3,CESP,2455,"15,32%","28,58%","96,93%","65,10%",187,385,107,712,"10,58%",261.460,8.457.518.176
CESP5,CESP,3050,"15,32%","28,58%","96,93%","65,10%",187,478,133,712,"0,00%",2.602,8.457.518.176
CESP6,CESP,2632,"15,32%","28,58%","96,93%","65,10%",187,413,115,712,"9,86%",59.720.026,8.457.518.176
CGAS3,COMGAS,14000,"29,83%","137,80%","17,35%","24,74%",952,1115,1243,982,"6,07%",6.866,18.719.097.530
CGAS5,COMGAS,14580,"29,83%","137,80%","17,35%","24,74%",952,1161,1294,982,"6,41%",369.632,18.719.097.530
CGRA3,GRAZZIOTIN,4586,"20,93%","19,55%","23,63%","25,30%",138,706,129,551,"4,14%",90.323,865.684.497
CGRA4,GRAZZIOTIN,4299,"20,93%","19,55%","23,63%","25,30%",138,662,121,551,"4,42%",700.813,865.684.497
CIEL3,CIELO,224,"1,44%","-0,18%","-0,15%","2,19%",824,-35257,062,2882,"5,20%",82.262.939,6.085.665.737
CLSA3,CLEARSALE,1776,"50,22%","88,70%","5,57%","16,89%",922,14310,8626,4850,"0,00%",15.724.734,3.337.566.826
CLSC3,CELESC,6500,"20,04%","31,48%","6,31%","8,14%",566,409,110,424,"4,87%",4.555,2.533.884.982
CLSC4,CELESC,6616,"20,04%","31,48%","6,31%","8,14%",566,416,112,424,"5,27%",294.163,2.533.884.982
CMIG3,CEMIG,1706,"19,70%","22,99%","14,99%","23,07%",290,684,146,486,"5,09%",9.073.297,24.345.635.381
CMIG4,CEMIG,1303,"19,70%","22,99%","14,99%","23,07%",290,523,111,486,"6,66%",138.509.367,24.345.635.381
CMIN3,CSNMINERACAO,538,"81,26%","59,37%","34,22%","55,35%",173,392,194,195,"7,10%",58.442.784,30.080.904.222
CMSA3,CIMS,,"-192,56%","-191,79%",,,101,,,,,0,
CMSA4,CIMS,,"-192,56%","-191,79%",,,101,,,,,0,
CNSY3,CINESYSTEM,,"-34,91%","1.221,56%","-351,84%","-280,16%",-4165,,,,,0,
COCE3,COELCE,5501,"3,77%","5,24%","2,39%","3,34%",311,2448,123,2939,"3,74%",785,4.163.737.845
COCE5,COELCE,5080,"3,77%","5,24%","2,39%","3,34%",311,2261,113,2939,"7,12%",1.306.703,4.163.737.845
COCE6,COELCE,,"3,77%","5,24%","2,39%","3,34%",311,,,2939,,0,4.163.737.845
COGN3,COGNA ON,280,"-10,35%","-34,50%","-113,34%","-57,75%",206,-095,037,-408,"0,00%",117.455.476,5.254.497.388
CORR3,COR RIBEIRO,,"-249,11%","-236,07%","27,09%","28,59%",-730,,,-244,,0,1.756.201
CORR4,COR RIBEIRO,7585,"-249,11%","-236,07%","27,09%","28,59%",-730,033,463,-244,"0,00%",0,1.756.201
CPFE3,CPFL ENERGIA,2605,"17,55%","29,19%","12,96%","18,25%",353,678,195,706,"11,53%",63.425.209,30.016.228.162
CPLE11,COPEL,2934,"13,99%","17,95%","17,67%","20,76%",228,446,078,568,"10,43%",15.739.623,15.890.452.696
CPLE3,COPEL,548,"13,99%","17,95%","17,67%","20,76%",228,416,073,568,"25,09%",15.033.630,15.890.452.696
CPLE5,COPEL,3900,"13,99%","17,95%","17,67%","20,76%",228,2962,521,568,"4,04%",2.718,15.890.452.696
CPLE6,COPEL,595,"13,99%","17,95%","17,67%","20,76%",228,452,079,568,"25,42%",100.247.835,15.890.452.696
CRDE3,CR2,2000,"-14,41%","-15,09%","-868,01%","-828,63%",113,-284,046,-195,"0,00%",3.517,48.443.060
CRFB3,CARREFOUR BR,1728,"19,22%","19,51%","4,35%","6,48%",289,1050,195,860,"2,72%",80.899.792,34.306.667.424
CRPG3,CRISTAL,10878,"34,12%","39,71%","29,95%","25,90%",138,1090,370,987,"0,00%",340,2.889.595.612
CRPG5,CRISTAL,8650,"34,12%","39,71%","29,95%","25,90%",138,867,294,987,"5,70%",3.625.779,2.889.595.612
CRPG6,CRISTAL,11000,"34,12%","39,71%","29,95%","25,90%",138,1103,374,987,"4,48%",102.809,2.889.595.612
CRTE3B,CONC RIO TER,,"54,40%","32,17%","17,36%","33,57%",132,,,,,0,
CSAN3,COSAN,2019,"10,08%","17,30%","15,18%","23,49%",344,1317,171,1530,"5,10%",194.033.538,37.837.492.117
CSED3,CRUZEIRO EDU,619,"13,23%","9,75%","5,09%","16,77%",457,2579,165,817,"3,04%",5.741.354,2.363.479.666
CSMG3,COPASA,1404,"13,83%","14,04%","17,15%","25,20%",173,553,079,558,"22,13%",25.632.355,5.338.753.089
CSNA3,SID NACIONAL,2315,"37,89%","107,13%","35,73%","42,24%",440,196,128,214,"8,30%",384.265.086,32.121.181.688
CSRN3,COSERN,1724,"19,95%","34,86%","13,87%","18,37%",350,595,195,696,"10,61%",7.812,2.891.941.905
CSRN5,COSERN,1700,"19,95%","34,86%","13,87%","18,37%",350,587,193,696,"11,84%",2.708,2.891.941.905
CSRN6,COSERN,1720,"19,95%","34,86%","13,87%","18,37%",350,594,195,696,"11,70%",3.014,2.891.941.905
CTCA3,CTC S.A.,,"21,97%","18,03%","33,03%","45,67%",126,,,,,0,
CTKA3,KARSTEN,2700,"32,03%","-44,94%","20,41%","21,80%",-221,174,-101,617,"0,00%",5.920,142.359.955
CTKA4,KARSTEN,1943,"32,03%","-44,94%","20,41%","21,80%",-221,125,-073,617,"0,00%",45.659,142.359.955
CTNM3,COTEMINAS,919,"5,03%","-9,31%","-5,97%","6,46%",283,-203,020,955,"0,00%",1.357,195.923.916
CTNM4,COTEMINAS,407,"5,03%","-9,31%","-5,97%","6,46%",283,-090,009,955,"0,00%",95.711,195.923.916
CTSA3,SANTANENSE,215,"9,24%","5,89%","3,01%","8,46%",231,1390,080,804,"0,00%",46.742,193.873.158
CTSA4,SANTANENSE,153,"9,24%","5,89%","3,01%","8,46%",231,989,057,804,"0,00%",82.987,193.873.158
CURY3,CURY S/A,692,"35,60%","47,26%","17,96%","20,91%",312,769,292,588,"5,69%",8.154.769,2.019.775.609
CVCB3,CVC BRASIL,1681,"-42,59%","70,96%","-15,82%","-124,74%",-4131,-4721,2337,-683,"0,00%",155.517.127,3.781.154.139
CXSE3,CAIXA SEGURI,897,"25,47%","22,17%",,,101,1479,258,1267,"0,00%",28.724.006,26.910.000.000
CYRE3,CYRELA REALT,1453,"28,65%","37,72%","49,64%","58,05%",201,266,092,277,"18,22%",145.702.543,5.808.262.869
DASA3,DASA,3607,"0,88%","-0,93%","-0,56%","1,04%",270,-38190,271,22060,"0,79%",10.339.739,19.765.032.191
DESK3,DESKTOP,1875,"11,89%","14,63%","9,85%","24,63%",397,7368,870,3550,"0,00%",8.453.917,1.630.662.863
DEXP3,DEXXOS PAR,890,"42,84%","46,59%","13,39%","17,98%",254,470,178,409,"3,15%",7.765.602,827.485.574
DEXP4,DEXXOS PAR,730,"42,84%","46,59%","13,39%","17,98%",254,386,146,409,"4,08%",144.762,827.485.574
DIRR3,DIRECIONAL,1008,"11,45%","13,38%","11,15%","17,06%",376,829,117,642,"6,85%",20.325.292,1.512.000.000
DMMO3,DOMMO,067,"-71,02%","-46,86%","194,38%","182,55%",-85,053,-033,048,"0,00%",2.517.852,207.762.357
DMVF3,D1000VFARMA,540,"1,11%","1,27%","0,78%","0,90%",208,3389,033,2260,"0,00%",833.641,273.255.347
DOHL3,DOHLER,2340,"17,59%","20,16%","19,54%","17,98%",129,1390,260,1203,"0,00%",253,1.402.888.523
DOHL4,DOHLER,605,"17,59%","20,16%","19,54%","17,98%",129,359,067,1203,"8,53%",52.943,1.402.888.523
DOTZ3,DOTZ SA,415,"24,31%","30,24%","-53,96%","-26,23%",-149,-895,-1462,-899,"0,00%",719.822,548.083.661
DTCY3,DTCOM-DIRECT,710,"-49,68%","-97,91%","-45,20%","-36,67%",518,-1677,3118,-2105,"0,00%",11.048,79.031.030
DTCY4,DTCOM-DIRECT,,"-49,68%","-97,91%","-45,20%","-36,67%",518,,,-2105,,0,79.031.030
DXCO3,DEXCO,1606,"22,00%","26,55%","18,51%","24,57%",217,768,185,668,"4,66%",41.430.990,11.110.059.086
EALT3,ACO ALTONA,1116,"12,51%","15,78%","8,72%","11,27%",247,851,129,751,"2,49%",4.064,194.362.500
EALT4,ACO ALTONA,671,"12,51%","15,78%","8,72%","11,27%",247,512,078,751,"4,56%",248.525,194.362.500
ECOR3,ECORODOVIAS,829,"10,02%","-18,38%","-6,18%","26,17%",994,-2109,252,1145,"0,00%",59.305.376,5.772.610.717
ECPR3,ENCORPAR,7989,"-12,95%","-16,25%",,,186,-639,105,-827,"0,00%",246,156.960.383
ECPR4,ENCORPAR,8580,"-12,95%","-16,25%",,,186,-686,113,-827,"0,00%",0,156.960.383
EEEL3,CEEE-T,33500,"28,85%","31,97%","43,82%","52,18%",226,462,175,391,"11,72%",3.567,3.237.853.325
EEEL4,CEEE-T,35000,"28,85%","31,97%","43,82%","52,18%",226,483,183,391,"12,34%",538,3.237.853.325
EGIE3,ENGIE BRASIL,3911,"23,22%","30,35%","17,72%","44,26%",449,1348,391,764,"6,67%",55.129.029,31.910.933.911
EKTR3,ELEKTRO,3652,"16,17%","25,68%","9,31%","14,77%",338,930,244,804,"8,82%",5.417,6.075.643.521
EKTR4,ELEKTRO,2670,"16,17%","25,68%","9,31%","14,77%",338,680,179,804,"13,27%",11.843,6.075.643.521
ELET3,ELETROBRAS,3489,"8,24%","11,63%","27,33%","31,97%",241,620,072,756,"6,87%",171.979.544,54.660.440.793
ELET5,ELETROBRAS,6500,"8,24%","11,63%","27,33%","31,97%",241,1155,135,756,"4,82%",1.216,54.660.440.793
ELET6,ELETROBRAS,3459,"8,24%","11,63%","27,33%","31,97%",241,615,072,756,"7,63%",83.278.548,54.660.440.793
ELMD3,ELETROMIDIA,1555,"-5,96%","-13,03%","-20,81%","-24,10%",299,-3770,293,-3236,"0,00%",3.948.048,2.163.185.442
EMAE3,EMAE,1820,"18,51%","28,67%","53,73%","36,04%",172,262,087,971,"0,00%",0,1.943.116.888
EMAE4,EMAE,7533,"18,51%","28,67%","53,73%","36,04%",172,1083,359,971,"11,41%",187.097,1.943.116.888
EMBR3,EMBRAER,2233,"2,48%","-4,58%","-2,90%","3,75%",352,-2345,115,2856,"0,00%",239.603.962,16.534.584.433
ENAT3,ENAUTA PART,1314,"27,61%","22,63%","73,01%","107,04%",169,508,105,243,"1,48%",24.336.864,3.492.702.732
ENBR3,ENERGIAS BR,1996,"18,37%","19,89%","12,45%","20,90%",267,501,095,507,"5,01%",56.866.337,11.600.058.749
ENEV3,ENEVA,1436,"7,81%","13,78%","28,73%","31,18%",207,1711,222,2065,"0,00%",90.534.203,18.180.308.825
ENGI11,ENERGISA,4031,"14,03%","33,85%","12,05%","16,77%",557,535,158,861,"4,34%",75.597.004,17.933.332.015
ENGI3,ENERGISA,1455,"14,03%","33,85%","12,05%","16,77%",557,965,285,861,"2,41%",130.774,17.933.332.015
ENGI4,ENERGISA,655,"14,03%","33,85%","12,05%","16,77%",557,434,128,861,"5,34%",160.452,17.933.332.015
ENJU3,ENJOEI,440,"-39,12%","-37,23%","-87,34%","-93,50%",116,-980,187,-444,"0,00%",12.787.573,870.565.445
ENMT3,ENERGISA MT,7999,"21,86%","44,52%","19,86%","24,77%",357,1473,582,1382,"5,77%",137.905,17.500.258.606
ENMT4,ENERGISA MT,7990,"21,86%","44,52%","19,86%","24,77%",357,1471,582,1382,"5,78%",59.428,17.500.258.606
EPAR3,EMBPAR S/A,1149,"77,55%","115,49%","5,83%","8,54%",514,429,314,297,"0,00%",57.311,170.747.926
EQMA3B,EQTLMARANHAO,4292,"20,40%","26,19%","18,41%","24,19%",233,857,217,722,"0,00%",22.571,6.993.585.151
EQMA5B,EQTLMARANHAO,,"20,40%","26,19%","18,41%","24,19%",233,,,722,,0,6.993.585.151
EQPA3,EQTL PARA,508,"17,80%","24,39%","12,93%","20,70%",346,1330,315,933,"8,86%",62.247,11.234.592.758
EQPA5,EQTL PARA,720,"17,80%","24,39%","12,93%","20,70%",346,1885,446,933,"6,25%",7.759,11.234.592.758
EQPA6,EQTL PARA,1024,"17,80%","24,39%","12,93%","20,70%",346,2680,635,933,"0,00%",0,11.234.592.758
EQPA7,EQTL PARA,700,"17,80%","24,39%","12,93%","20,70%",346,1832,434,933,"6,43%",17.369,11.234.592.758
EQTL3,EQUATORIAL,2298,"17,18%","30,44%","18,75%","26,64%",361,655,185,653,"3,13%",177.565.060,23.222.199.663
ESPA3,ESPACOLASER,972,"26,51%","61,40%","34,83%","35,02%",372,893,336,1061,"1,46%",27.059.579,2.373.969.702
ESTR3,ESTRELA,4000,"-3,43%","3,79%","-12,10%","9,67%",-46,-170,-006,742,"0,00%",0,46.981.302
ESTR4,ESTRELA,6718,"-3,43%","3,79%","-12,10%","9,67%",-46,-286,-011,742,"0,00%",5.298,46.981.302
ETER3,ETERNIT,1454,"107,93%","115,20%","28,25%","34,19%",306,322,203,221,"0,00%",31.038.129,898.231.401
EUCA3,EUCATEX,1500,"19,19%","20,04%","14,50%","18,13%",178,447,081,349,"1,14%",140.715,992.279.573
EUCA4,EUCATEX,853,"19,19%","20,04%","14,50%","18,13%",178,254,046,349,"2,21%",1.267.335,992.279.573
EVEN3,EVEN,643,"11,55%","5,85%","6,26%","16,62%",233,1039,054,140,"11,78%",14.421.257,1.363.160.000
EZTC3,EZTEC,1874,"7,45%","11,73%","47,94%","30,48%",112,872,098,1033,"2,26%",54.632.398,4.253.980.000
FESA3,FERBASA,5000,"18,81%","12,05%","11,84%","23,80%",158,1986,224,976,"2,46%",23.638,4.292.352.000
FESA4,FERBASA,4790,"18,81%","12,05%","11,84%","23,80%",158,1903,215,976,"2,83%",31.935.597,4.292.352.000
FHER3,FER HERINGER,1961,"497,82%","-164,27%","6,69%","12,13%",-1534,555,-9737,358,"0,00%",69.602.084,1.056.141.339
FIGE3,INVEST BEMGE,,"2,39%","1,26%","47,16%","89,38%",100,,,,,0,
FIGE4,INVEST BEMGE,,"2,39%","1,26%","47,16%","89,38%",100,,,,,0,
FIQE3,UNIFIQUE,587,"31,62%","50,90%","17,60%","31,36%",460,3455,1711,2141,"0,00%",5.476.560,2.125.231.205
FLEX3,FLEX S/A,,"7,78%","-75,73%","-3,79%","3,10%",1682,,,,,0,
FLRY3,FLEURY,1911,"16,84%","23,96%","11,10%","18,83%",334,1447,334,1143,"4,52%",46.064.256,6.075.909.764
FRAS3,FRAS-LE,1449,"22,11%","29,23%","11,98%","16,24%",254,1150,306,995,"0,00%",2.466.372,3.152.536.310
FRIO3,METALFRIO,4603,"8,38%","29,57%","0,25%","5,75%",11850,4162,-1199,918,"0,00%",1.193,189.033.887
FRRN3B,ALL NORTE,,"13,38%","33,84%","32,24%","40,45%",348,,,,,0,
FRRN5B,ALL NORTE,,"13,38%","33,84%","32,24%","40,45%",348,,,,,0,
FRTA3,POMIFRUTAS,555,"-20,91%","-6,53%","16,94%","10,28%",-50,528,,870,"0,00%",52.082,11.397.513
G2DI33,G2D INVEST,653,"20,48%","24,08%","87,86%","89,98%",121,545,104,455,"0,00%",1.348.893,668.268.289
GEPA3,GER PARANAP,3150,"37,29%","27,63%","39,52%","93,49%",234,585,155,347,"11,11%",5.406,3.006.755.731
GEPA4,GER PARANAP,3201,"37,29%","27,63%","39,52%","93,49%",234,594,157,347,"10,94%",45.101,3.006.755.731
GETT11,GETNET BR,451,"11,18%","11,67%","13,38%","19,96%",1548,2358,249,1735,"0,00%",5.200.555,8.356.217.632
GETT3,GETNET BR,244,"11,18%","11,67%","13,38%","19,96%",1548,1276,135,1735,"0,00%",2.031.680,8.356.217.632
GETT4,GETNET BR,208,"11,18%","11,67%","13,38%","19,96%",1548,1087,115,1735,"0,00%",1.563.559,8.356.217.632
GFSA3,GAFISA,217,"3,62%","-0,08%","-0,10%","7,44%",245,-63071,045,1734,"0,00%",19.852.700,732.257.228
GGBR3,GERDAU,2210,"34,85%","35,87%","18,54%","27,09%",191,291,092,272,"7,87%",2.469.770,43.161.598.491
GGBR4,GERDAU,2660,"34,85%","35,87%","18,54%","27,09%",191,350,111,272,"6,54%",389.150.976,43.161.598.491
GGPS3,GPS,1583,"18,54%","24,02%","5,84%","9,07%",351,3204,527,2048,"0,00%",18.539.417,10.566.379.206
GMAT3,GRUPO MATEUS,723,"15,72%","18,55%","5,41%","6,18%",166,2057,264,1752,"0,00%",41.060.401,15.973.572.151
GNDI3,INTERMEDICA,6572,"7,38%","3,95%","2,38%","6,24%",227,14646,561,5793,"0,43%",269.333.995,40.433.712.586
GOAU3,GERDAU MET,1192,"34,27%","35,03%","18,51%","27,04%",189,099,030,108,"7,80%",694.963,13.371.554.233
GOAU4,GERDAU MET,1249,"34,27%","35,03%","18,51%","27,04%",189,104,032,108,"7,45%",133.293.888,13.371.554.233
GOLL4,GOL,1645,"69,19%","24,75%","-63,79%","-44,17%",-94,-1500,-332,-609,"0,00%",109.800.715,5.171.211.357
GPAR3,CELGPAR,4300,"18,80%","14,34%","59,45%","84,00%",133,1721,218,1180,"1,18%",3.127,3.350.922.576
GPIV33,GP INVEST,737,"16,64%","16,01%","74,59%","78,94%",123,091,014,-123,"0,00%",3.513.649,398.448.570
GRAO3,AGRIBRASIL,,"12,09%","75,05%","1,29%","1,46%",1580,,,,,0,
GRND3,GRENDENE,890,"10,70%","16,83%","28,43%","18,53%",111,1182,197,1478,"7,42%",25.414.841,8.029.224.000
GSHP3,GENERALSHOPP,3800,"4,18%","3,34%","-15,90%","50,73%",-346,-448,-015,3295,"0,00%",22.425,73.293.222
GUAR3,GUARARAPES,1137,"4,47%","5,22%","3,88%","5,82%",254,2202,114,1859,"4,10%",10.493.628,5.675.904.000
HAGA3,HAGA S/A,444,"-31,30%","-13,50%","22,42%","26,28%",-82,540,-078,273,"0,00%",61.050,33.478.667
HAGA4,HAGA S/A,200,"-31,30%","-13,50%","22,42%","26,28%",-82,243,-035,273,"0,00%",156.557,33.478.667
HAPV3,HAPVIDA,1177,"7,44%","6,52%","6,56%","9,19%",166,7653,429,5412,"0,49%",216.871.344,45.803.775.958
HBOR3,HELBOR,505,"4,43%","9,09%","14,73%","13,25%",258,440,038,1137,"0,94%",8.035.045,675.947.914
HBRE3,HBR REALTY,1197,"2,83%","-2,84%","-64,37%","97,01%",168,-2520,060,2194,"0,00%",444.744,1.235.172.103
HBSA3,HIDROVIAS,312,"5,96%","-3,96%","-3,80%","22,20%",405,-4189,160,1814,"0,00%",17.492.515,2.372.393.846
HBTS3,HABITASUL,,"25,12%","29,42%","38,92%","44,50%",426,,,466,,0,481.801.989
HBTS5,HABITASUL,5275,"25,12%","29,42%","38,92%","44,50%",426,532,126,466,"0,31%",17.809,481.801.989
HBTS6,HABITASUL,,"25,12%","29,42%","38,92%","44,50%",426,,,466,,0,481.801.989
HETA3,HERCULES,9600,"118,10%","37,03%","-8.859,01%","-8.738,80%",-2,-028,-009,-201,"0,00%",655,20.703.901
HETA4,HERCULES,1260,"118,10%","37,03%","-8.859,01%","-8.738,80%",-2,-004,-001,-201,"0,00%",26.511,20.703.901
HOOT3,HOTEIS OTHON,,"7,96%","11,68%","-202,54%","-137,86%",-100,,,-156,,0,59.159.163
HOOT4,HOTEIS OTHON,322,"7,96%","11,68%","-202,54%","-137,86%",-100,-109,-012,-156,"0,00%",397.498,59.159.163
HYPE3,HYPERA,2885,"10,98%","13,61%","23,73%","32,24%",196,1414,189,1284,"4,22%",103.517.366,18.274.190.744
IFCM3,INFRACOMM,1340,"-0,75%","-1,28%","-2,25%","-1,58%",181,-52030,355,-59261,"0,00%",15.180.328,3.269.046.325
IGBR3,IGB S/A,280,"31,13%","10,81%","-2.165,07%","-1.452,23%",-20,-034,-003,-796,"0,00%",363.684,35.013.905
IGSN3,IGUA SA,,"5,21%","0,91%","1,22%","16,76%",273,,,,,0,
IGTA3,IGUATEMI,3105,"5,61%","14,19%","66,38%","50,32%",204,1186,158,2098,"0,91%",66.851.518,5.483.789.497
INEP3,INEPAR,180,"10,01%","18,52%","-5.063,15%","-1.849,65%",-61,-069,-012,-712,"0,00%",2.350.408,300.028.779
INEP4,INEPAR,180,"10,01%","18,52%","-5.063,15%","-1.849,65%",-61,-069,-012,-712,"0,00%",2.932.901,300.028.779
INNT3,INTER SA,,"0,19%","-32,65%","-6,12%","0,14%",1252,,,,,0,
INTB3,INTELBRAS,2669,"23,07%","35,04%","16,15%","14,14%",194,1860,472,1992,"0,62%",58.286.465,8.743.940.526
ITSA3,ITAUSA,1052,"18,56%","19,90%","161,84%","167,26%",120,737,137,726,"2,99%",2.214.439,88.426.563.292
ITSA4,ITAUSA,1051,"18,56%","19,90%","161,84%","167,26%",120,737,137,726,"2,99%",369.413.578,88.426.563.292
IVPR3B,INVEPAR,,"14,25%","90,04%","-133,74%","45,02%",-1022,,,,,0,
IVPR4B,INVEPAR,,"14,25%","90,04%","-133,74%","45,02%",-1022,,,,,0,
JALL3,JALLESMACHAD,960,"25,94%","33,41%","24,03%","55,94%",344,934,227,485,"1,44%",6.477.497,2.829.092.074
JBSS3,JBS,3716,"18,73%","32,02%","4,42%","7,10%",395,688,206,671,"5,43%",457.175.969,93.313.805.213
JFEN3,JOAO FORTES,143,"-119,47%","34,06%","5.803,92%","6.496,46%",-291,-100,-029,-426,"0,00%",1.852.722,150.441.455
JHSF3,JHSF PART,524,"19,35%","23,08%","48,83%","57,67%",189,410,083,407,"7,52%",26.012.974,3.595.815.610
JOPA3,JOSAPAR,2800,"5,34%","4,54%","1,81%","5,22%",285,928,042,778,"3,06%",7.950,297.488.420
JOPA4,JOSAPAR,3700,"5,34%","4,54%","1,81%","5,22%",285,1226,055,778,"2,55%",552,297.488.420
JPSA3,JEREISSATI,2733,"5,17%","14,86%","70,15%","47,40%",207,491,068,1320,"0,42%",9.232.789,2.402.011.125
JSLG3,JSL,747,"3,02%","10,78%","5,87%","10,74%",778,1066,166,1215,"1,80%",5.519.044,2.091.533.353
KEPL3,KEPLER WEBER,3539,"17,66%","15,14%","8,60%","11,03%",182,1182,156,598,"30,67%",10.455.451,1.074.120.297
KLBN11,KLABIN S/A,2213,"14,02%","76,45%","24,23%","31,11%",796,675,385,974,"0,00%",164.774.351,26.072.406.603
KLBN3,KLABIN S/A,539,"14,02%","76,45%","24,23%","31,11%",796,822,469,974,"0,00%",944.008,26.072.406.603
KLBN4,KLABIN S/A,420,"14,02%","76,45%","24,23%","31,11%",796,641,365,974,"0,00%",3.727.410,26.072.406.603
KRSA3,KORA SAUDE,630,"10,79%","14,48%","5,18%","17,11%",648,10816,1118,4153,"0,00%",1.874.389,4.821.107.603
LAME3,LOJAS AMERIC,524,"3,70%","3,74%","1,79%","4,66%",331,2231,061,1233,"4,10%",32.494.530,9.707.372.958
LAME4,LOJAS AMERIC,510,"3,70%","3,74%","1,79%","4,66%",331,2172,060,1233,"4,21%",160.122.994,9.707.372.958
LAND3,TERRASANTAPA,2227,"10,09%","6,63%","44,44%","73,28%",127,4887,318,3085,"0,00%",1.156.206,2.142.974.444
LAVV3,LAVVI,525,"22,23%","25,07%","34,17%","32,20%",148,519,077,172,"12,95%",10.079.719,1.093.004.073
LCAM3,LOCAMERICA,2001,"13,74%","18,33%","11,62%","20,99%",297,1306,223,1079,"1,89%",71.748.990,10.179.675.514
LEVE3,METAL LEVE,3500,"31,30%","30,72%","13,74%","18,17%",185,1024,287,769,"2,65%",26.625.535,4.490.797.500
LIGT3,LIGHT S/A,1017,"10,92%","7,06%","3,69%","13,83%",349,713,045,507,"4,34%",33.089.442,3.788.887.645
LIPR3,ELETROPAR,6340,"11,64%","12,81%",,,115,2889,364,2809,"3,19%",6.938,745.893.963
LJQQ3,QUERO-QUERO,1167,"27,26%","28,00%","4,90%","10,18%",624,2361,427,1026,"0,74%",36.941.540,2.185.677.439
LLBI3,LE BISCUIT,,"-3,21%","-24,44%","-8,33%","-3,84%",472,,,,,0,
LLIS3,LE LIS BLANC,193,"-22,94%","-120,73%","-78,07%","-67,48%",513,-024,073,-367,"0,00%",1.749.007,132.882.100
LMED3,LIFEMED,,"35,37%","45,54%","16,83%","29,54%",275,,,,,0,
LOGG3,LOG COM PROP,2416,"8,53%","10,38%","225,83%","248,79%",145,743,074,942,"1,35%",12.434.577,2.468.165.161
LOGN3,LOG-IN,2137,"13,97%","52,71%","12,50%","18,59%",691,1425,567,1294,"0,00%",17.999.176,2.261.825.418
LPSB3,LOPES BRASIL,269,"38,60%","22,24%","17,50%","30,82%",229,1063,222,404,"0,00%",3.372.940,396.921.957
LREN3,LOJAS RENNER,3320,"4,55%","4,29%","3,54%","5,50%",214,9427,319,5617,"1,25%",322.203.655,29.832.989.530
LTEL3B,LITEL,,"43,28%","46,51%",,,111,,,,,0,
LTLA3B,LITELA,,"18,10%","16,71%",,,103,,,,,0,
LUPA3,LUPATECH,646,"1,19%","85,79%","102,37%","3,88%",571,253,159,10611,"0,00%",14.750.676,188.088.992
LUXM3,TREVISA,,"14,02%","11,57%","10,53%","15,87%",163,,,2358,,0,420.772.080
LUXM4,TREVISA,8098,"14,02%","11,57%","10,53%","15,87%",163,3562,437,2358,"1,98%",32.281,420.772.080
LVTC3,WDC NETWORKS,1697,"18,37%","59,62%","9,67%","15,02%",675,1238,658,1270,"0,00%",8.400.029,1.091.664.165
LWSA3,LOCAWEB,1863,"2,05%","0,66%","1,96%","6,57%",145,91777,371,22949,"0,17%",139.081.940,10.983.904.686
MAPT3,CEMEPE,3700,"2,99%","3,01%",,,-13,-19540,-579,-19908,"0,00%",0,34.440.333
MAPT4,CEMEPE,3795,"2,99%","3,01%",,,-13,-20041,-593,-19908,"0,00%",116,34.440.333
MATD3,MATER DEI,1491,"18,71%","14,94%","14,50%","23,61%",208,4058,356,1974,"0,00%",10.054.468,5.293.901.257
MBLY3,MOBLY,616,"-11,75%","-18,80%","-9,09%","-6,95%",173,-1020,096,-615,"0,00%",2.933.711,655.977.809
MDIA3,M.DIASBRANCO,3118,"5,57%","9,83%","8,77%","6,38%",154,1673,160,2358,"1,79%",33.507.253,10.570.020.000
MDNE3,MOURA DUBEUX,571,"5,43%","6,69%","9,60%","9,15%",220,716,047,747,"0,00%",2.585.352,484.832.531
MEAL3,IMC S/A,291,"-3,51%","-7,74%","-5,62%","-4,11%",253,-1056,072,-1712,"0,00%",11.265.442,833.335.332
MELK3,MELNICK,391,"4,20%","5,73%","8,62%","7,50%",180,1550,067,537,"0,16%",5.760.337,813.160.123
MGEL3,MANGELS INDL,,"53,61%","-58,81%","30,24%","27,74%",-134,,,349,,0,78.073.362
MGEL4,MANGELS INDL,1350,"53,61%","-58,81%","30,24%","27,74%",-134,035,-029,349,"0,00%",93.011,78.073.362
MGLU3,MAGAZ LUIZA,1130,"15,75%","10,60%","2,19%","4,13%",310,9673,1038,5159,"0,37%",558.761.519,75.415.373.382
MILS3,MILLS,528,"5,42%","3,28%","5,94%","11,96%",134,3688,120,1667,"1,99%",9.616.734,1.331.450.894
MLAS3,MULTILASER,661,"29,77%","45,14%","16,35%","17,02%",299,716,296,805,"0,00%",20.977.936,5.423.764.277
MMAQ3,MINASMAQUINA,,"27,14%","19,22%","4,80%","7,03%",159,,,,,0,
MMAQ4,MINASMAQUINA,,"27,14%","19,22%","4,80%","7,03%",159,,,,,0,
MMXM11,MMX MINER,210,"0,09%","5,10%",,,-15,-032,-002,-74677,"0,00%",0,104.459.746
MMXM3,MMX MINER,1400,"0,09%","5,10%",,,-15,-217,-011,-74677,"0,00%",0,104.459.746
MNDL3,MUNDIAL,5200,"166,47%","-23,57%","5,40%","13,15%",-755,376,-100,454,"0,00%",57.579,128.973.520
MNPR3,MINUPAR,876,"-10,48%","-0,98%","1,29%","13,68%",-64,1691,-017,161,"0,00%",170.996,62.196.876
MNZC3B,MENEZES CORT,,"-4,29%","-5,60%","-44,59%","-34,21%",106,,,,,0,
MOAR3,MONT ARANHA,44000,"48,53%","55,99%","592,49%","669,48%",161,829,372,712,"3,28%",1.200.743,5.390.537.240
MOSI3,MOSAICO,1080,"8,33%","10,99%","18,11%","14,60%",122,3318,205,2493,"0,01%",20.874.362,1.367.234.424
MOVI3,MOVIDA,1499,"11,63%","26,93%","15,85%","29,43%",509,748,171,827,"2,64%",46.199.857,5.430.908.269
MRFG3,MARFRIG,2544,"31,69%","143,31%","8,47%","13,28%",907,261,264,302,"6,31%",175.291.356,17.588.450.587
MRSA3B,MRS LOGIST,3570,"21,20%","19,44%","21,10%","37,55%",240,1393,252,905,"0,00%",229,12.466.015.841
MRSA5B,MRS LOGIST,4029,"21,20%","19,44%","21,10%","37,55%",240,1572,285,905,"0,00%",132,12.466.015.841
MRSA6B,MRS LOGIST,3500,"21,20%","19,44%","21,10%","37,55%",240,1366,247,905,"0,00%",0,12.466.015.841
MRVE3,MRV,1062,"7,33%","12,29%","10,67%","11,53%",303,697,083,1114,"4,50%",74.183.893,5.128.132.850
MSPA3,MELHOR SP,4850,"-5,37%","-4,52%","-30,29%","-39,25%",168,-825,038,-735,"0,00%",75,308.706.267
MSPA4,MELHOR SP,4600,"-5,37%","-4,52%","-30,29%","-39,25%",168,-782,036,-735,"0,00%",71,308.706.267
MSRO3,MAESTROLOC,,"9,16%","6,69%","3,21%","18,87%",476,,,,,0,
MTIG3,METAL IGUACU,,"7,32%","-179,36%","-2,68%","5,69%",7729,,,1621,,0,7.727.835
MTIG4,METAL IGUACU,3202,"7,32%","-179,36%","-2,68%","5,69%",7729,-307,-028,1621,"0,00%",21.772,7.727.835
MTRE3,MITRE REALTY,632,"5,54%","5,64%","10,05%","10,49%",132,1214,068,409,"7,07%",7.069.919,668.496.862
MTSA3,METISA,6415,"19,85%","18,19%","11,16%","14,06%",139,1129,195,690,"0,00%",0,477.023.338
MTSA4,METISA,4199,"19,85%","18,19%","11,16%","14,06%",139,739,128,690,"5,18%",145.028,477.023.338
MULT3,MULTIPLAN,1901,"4,92%","5,99%","33,68%","42,09%",171,2960,177,2644,"2,39%",136.443.366,10.744.182.704
MWET3,WETZEL S/A,3101,"-115,73%","-120,41%","83,25%","43,58%",-144,039,-123,101,"0,00%",867,38.326.876
MWET4,WETZEL S/A,1243,"-115,73%","-120,41%","83,25%","43,58%",-144,016,-049,101,"0,00%",141.330,38.326.876
MYPK3,IOCHP-MAXION,1710,"8,06%","5,40%","1,84%","6,33%",316,1226,068,899,"0,00%",27.867.139,2.628.605.177
NEMO3,SUZANO HOLD,,"16,09%","138,81%","35,12%","39,13%",1224,,,,,0,
NEMO5,SUZANO HOLD,,"16,09%","138,81%","35,12%","39,13%",1224,,,,,0,
NEMO6,SUZANO HOLD,,"16,09%","138,81%","35,12%","39,13%",1224,,,,,0,
NEOE3,NEOENERGIA,1568,"14,44%","19,53%","10,63%","18,37%",316,429,079,636,"3,35%",37.695.821,19.032.340.849
NGRD3,NEOGRID,385,"26,63%","18,15%","5,82%","16,05%",250,7428,"1.961,33",2692,"0,32%",9.647.499,918.849.971
NINJ3,GETNINJAS,828,"-17,38%","-16,54%","-47,81%","-50,27%",114,-1679,136,-346,"0,00%",1.771.328,415.859.796
NORD3,NORDON MET,1410,"-1,44%","0,83%","-64,70%","81,93%",-12,-7973,-066,8808,"0,00%",32.867,93.362.953
NRTQ3,NORTCQUIMICA,,"28,31%","21,48%","13,87%","20,16%",141,,,,,0,
NTCO3,GRUPO NATURA,4016,"3,32%","2,54%","1,52%","3,39%",241,8807,210,4391,"0,00%",293.818.967,55.399.033.601
NUTR3,NUTRIPLANT,25300,"27,75%","22,60%","3,76%","6,91%",402,853,173,561,"0,00%",743,32.369.832
ODER3,ODERICH,,"37,23%","47,60%","20,57%","23,12%",192,,,1495,,0,2.116.507.519
ODER4,ODERICH,18752,"37,23%","47,60%","20,57%","23,12%",192,1633,654,1495,"0,00%",0,2.116.507.519
ODPV3,ODONTOPREV,1306,"44,62%","32,27%","20,78%","28,73%",168,1835,611,1263,"4,66%",17.077.210,6.938.709.984
OFSA3,OUROFINO S/A,2600,"17,00%","21,21%","14,03%","17,90%",178,1183,233,1039,"1,63%",695.997,1.402.674.156
OIBR3,OI,099,"-4,13%","-38,23%","-29,68%","-15,24%",1054,-220,100,-2244,"0,00%",76.888.607,5.995.608.385
OIBR4,OI,163,"-4,13%","-38,23%","-29,68%","-15,24%",1054,-362,165,-2244,"0,00%",1.686.279,5.995.608.385
OMGE3,OMEGA GER,3290,"6,55%","-3,54%","-7,89%","37,23%",273,-5564,171,2136,"0,00%",41.714.213,6.472.572.683
ONCO3,ONCOCLINICAS,1010,"-5,06%","-66,13%","-12,62%","-4,41%",723,-1684,2262,-5994,"0,00%",23.204.893,5.003.113.002
OPCT3,OCEANPACT,358,"1,84%","-2,22%","-1,76%","3,36%",272,-6109,081,4962,"0,00%",7.628.203,715.855.203
OPGM3B,GAMA PART,,"-11,80%","-9,75%",,,111,,,,,0,
OPHE3B,OPPORT ENERG,,"-0,05%","-93,14%",,,-1251,,,,,0,
OPSE3B,SUDESTE S/A,,"-99,50%","-97,81%",,,100,,,,,0,
OPTS3B,SUL 116 PART,,"-7,23%","-7,11%",,,104,,,,,0,
ORVR3,ORIZON,2520,"10,95%","-13,64%","-8,24%","15,56%",355,-5739,467,3097,"0,00%",13.853.540,1.800.539.244
OSXB3,OSX BRASIL,674,"90,70%","17,69%","-5.621,53%","-3.883,74%",-34,-002,000,-725,"0,00%",55.909,21.217.776
PARD3,IHPARDINI,2278,"32,02%","29,29%","11,66%","18,99%",256,1328,365,849,"1,18%",9.961.560,2.983.692.394
PATI3,PANATLANTICA,7350,"34,74%","39,20%","11,18%","17,29%",224,690,227,490,"2,46%",8.972,1.744.162.475
PATI4,PANATLANTICA,5900,"34,74%","39,20%","11,18%","17,29%",224,554,182,490,"3,07%",3.648,1.744.162.475
PCAR3,P.ACUCAR-CBD,2592,"9,52%","14,29%","4,33%","5,42%",357,315,045,420,"8,40%",87.423.816,6.980.345.994
PDGR3,PDG REALT,195,"9,49%","10,95%","-198,48%","-124,00%",-31,-018,-002,-345,"0,00%",5.735.334,109.460.241
PDTC3,PADTEC,697,"17,02%","35,93%","12,71%","10,55%",346,1428,436,1776,"0,00%",1.311.147,546.794.960
PEAB3,PAR AL BAHIA,6116,"136,22%","97,46%","281,89%","401,54%",123,153,136,089,"49,62%",4.207,909.092.917
PEAB4,PAR AL BAHIA,8033,"136,22%","97,46%","281,89%","401,54%",123,200,178,089,"41,55%",4.186,909.092.917
PETR3,PETROBRAS,2870,"31,53%","43,44%","34,56%","56,06%",310,275,100,287,"8,37%",511.244.156,370.455.631.939
PETR4,PETROBRAS,2800,"31,53%","43,44%","34,56%","56,06%",310,269,097,287,"8,58%",2.170.116.205,370.455.631.939
PETZ3,PETZ,1931,"12,72%","16,88%","3,51%","7,72%",463,12197,1364,5611,"0,27%",135.602.905,7.609.258.319
PFRM3,PROFARMA,499,"6,76%","8,31%","1,74%","2,42%",297,601,042,817,"0,00%",1.489.961,617.825.737
PGMN3,PAGUE MENOS,969,"16,58%","12,39%","2,63%","5,54%",341,2249,210,1168,"0,00%",14.303.421,4.300.238.491
PLAS3,PLASCAR PART,982,"-5.819,48%","49,43%","-17,09%","-10,84%",-335,-136,-054,-524,"0,00%",27.943,122.017.605
PLPL3,PLANOEPLANO,322,"30,39%","69,28%","13,08%","14,94%",470,437,227,440,"6,08%",5.069.391,657.704.320
PMAM3,PARANAPANEMA,1038,"-7,07%","72,77%","-4,38%","-3,92%",-1267,-216,-120,-1713,"0,00%",5.926.261,450.531.953
PNVL3,DIMED,1358,"7,07%","10,14%","2,60%","3,39%",237,2591,199,2472,"1,13%",15.676.738,2.042.126.192
POMO3,MARCOPOLO,233,"3,90%","10,07%","7,50%","5,27%",228,833,081,1878,"3,86%",777.190,2.412.051.242
POMO4,MARCOPOLO,267,"3,90%","10,07%","7,50%","5,27%",228,955,093,1878,"3,37%",11.171.152,2.412.051.242
PORT3,WILSON SONS,6475,"10,96%","13,30%","12,86%","24,99%",266,1854,241,1438,"0,00%",224.179,4.717.682.410
POSI3,POSITIVO TEC,895,"23,99%","30,85%","10,75%","15,17%",276,413,115,367,"3,82%",70.336.091,1.269.110.000
POWE3,FOCUS ON,1310,"6,98%","4,42%","2,18%","3,65%",278,4480,128,1425,"0,40%",6.333.662,1.174.478.614
PPAR3,POLPAR,,"-0,32%","-0,11%",,,140,,,,,0,
PRIO3,PETRORIO,2340,"20,81%","24,22%","31,81%","50,15%",214,2120,379,1302,"0,00%",466.035.844,20.552.941.773
PRMN3B,PROMAN,,"27,77%","-33,31%","3,30%","51,38%",-2600,,,,,0,
PRNR3,PRINER,702,"3,05%","7,59%","5,42%","2,83%",156,1608,119,2901,"0,00%",873.437,272.703.322
PSSA3,PORTO SEGURO,2340,"19,48%","19,72%","8,94%","8,83%",398,861,162,335,"6,17%",78.962.115,15.130.113.804
PSVM11,PORTO VM,520,"-98,34%","-199,76%",,,26773,"-66.131,07","189.467,61","-1.358,74","0,00%",3.781,280.534.831
PTBL3,PORTOBELLO,998,"21,30%","33,41%","8,02%","13,86%",484,1133,383,856,"5,56%",24.213.530,1.542.203.023
PTCA11,PRATICA,,"13,41%","18,55%","6,29%","9,77%",266,,,,,0,
PTCA3,PRATICA,,"13,41%","18,55%","6,29%","9,77%",266,,,,,0,
PTNT3,PETTENATI,1677,"17,01%","22,80%","9,70%","12,20%",221,1095,235,659,"1,21%",730.374,500.818.154
PTNT4,PETTENATI,725,"17,01%","22,80%","9,70%","12,20%",221,474,102,659,"2,80%",288.647,500.818.154
QUAL3,QUALICORP,1686,"19,54%","24,56%","19,70%","29,76%",240,1169,283,915,"13,00%",65.413.046,4.788.481.520
QUSW3,QUALITY SOFT,,"29,87%","24,23%","9,01%","16,80%",225,,,,,0,
QVQP3B,524 PARTICIP,,"-106,22%","-104,56%",,,100,,,,,0,
RADL3,RAIADROGASIL,2350,"21,55%","17,14%","3,41%","5,89%",304,5140,827,3077,"0,36%",140.317.909,38.820.355.000
RAIL3,RUMO S.A.,1656,"7,32%","5,41%","8,64%","27,94%",345,4632,195,1963,"0,00%",192.623.781,30.704.869.579
RAIZ4,RAIZEN,679,"14,24%","29,91%","2,00%","3,57%",719,3265,673,886,"0,24%",78.306.577,9.227.181.551
RANI3,IRANI,649,"24,52%","29,71%","17,26%","24,80%",227,651,175,527,"4,25%",12.447.989,1.666.114.325
RAPT3,RANDON PART,1268,"22,87%","41,88%","15,02%","19,17%",306,399,147,418,"5,12%",342.691,3.891.527.652
RAPT4,RANDON PART,1053,"22,87%","41,88%","15,02%","19,17%",306,332,122,418,"6,16%",36.194.046,3.891.527.652
RCSL3,RECRUSUL,438,"-3,07%","-0,43%","0,53%","3,85%",-88,"1.372,34",-734,10398,"0,00%",20.631.090,184.392.116
RCSL4,RECRUSUL,145,"-3,07%","-0,43%","0,53%","3,85%",-88,45431,-243,10398,"0,00%",3.142.422,184.392.116
RDNI3,RNI,1151,"2,16%","4,15%","7,80%","7,11%",267,1953,080,3965,"0,09%",374.910,503.790.490
RDOR3,REDE D OR,5899,"9,69%","14,29%","8,56%","18,90%",399,7737,726,3785,"2,31%",299.506.946,118.591.558.473
RECV3,PETRORECSA,1403,"10,83%","10,53%","16,76%","27,44%",186,2307,184,1245,"0,00%",15.076.694,3.485.452.304
REDE3,REDE ENERGIA,653,"19,48%","38,83%","15,51%","20,76%",425,685,259,729,"12,17%",22.337,13.780.411.632
RENT3,LOCALIZA,4558,"14,60%","26,90%","14,49%","22,13%",329,2086,504,1645,"0,88%",362.360.216,34.570.910.819
RNEW11,RENOVA,830,"-7,89%","-4,11%","44,91%","-57,95%",-238,709,-036,-3246,"0,00%",117.595,302.415.123
RNEW3,RENOVA,292,"-7,89%","-4,11%","44,91%","-57,95%",-238,749,-038,-3246,"0,00%",201.415,302.415.123
RNEW4,RENOVA,260,"-7,89%","-4,11%","44,91%","-57,95%",-238,667,-034,-3246,"0,00%",597.831,302.415.123
ROMI3,INDS ROMI,1703,"14,66%","27,30%","18,12%","15,26%",204,530,136,840,"9,57%",11.251.912,1.248.876.692
RPAD3,ALFA HOLDING,646,"2,04%","2,05%",,,101,2595,053,2563,"0,00%",8.992,550.927.126
RPAD5,ALFA HOLDING,879,"2,04%","2,05%",,,101,3531,072,2563,"6,23%",3.664,550.927.126
RPAD6,ALFA HOLDING,525,"2,04%","2,05%",,,101,2109,043,2563,"0,00%",3.590,550.927.126
RPMG3,PET MANGUINH,294,"8,37%","9,10%","-16,99%","-15,63%",-105,-070,-006,-076,"0,00%",311.575,199.013.389
RRRP3,3R PETROLEUM,3480,"8,64%","-17,01%","-39,88%","26,02%",161,-2553,243,3246,"0,00%",71.056.998,4.606.122.502
RSID3,ROSSI RESID,841,"-78,95%","-30,55%","152,33%","-276,71%",-295,082,-030,-216,"0,00%",919.815,144.259.564
RSUL3,RIOSULENSE,,"201,93%","151,79%","15,97%","27,78%",813,,,621,,0,460.511.700
RSUL4,RIOSULENSE,7899,"201,93%","151,79%","15,97%","27,78%",813,1079,914,621,"0,00%",442.227,460.511.700
SAPR11,SANEPAR,1870,"15,50%","14,99%","21,09%","33,99%",193,546,077,523,"5,32%",33.326.803,5.667.020.686
SAPR3,SANEPAR,367,"15,50%","14,99%","21,09%","33,99%",193,536,076,523,"5,02%",2.550.622,5.667.020.686
SAPR4,SANEPAR,379,"15,50%","14,99%","21,09%","33,99%",193,554,078,523,"5,34%",17.730.846,5.667.020.686
SBFG3,GRUPO SBF,2250,"2,44%","-1,60%","-0,85%","2,59%",294,-17781,288,7846,"0,00%",28.349.289,5.466.566.745
SBSP3,SABESP,3573,"11,00%","11,14%","13,57%","23,13%",220,968,102,883,"1,11%",108.641.327,24.421.807.619
SCAR3,SAO CARLOS,3888,"7,39%","6,20%","27,44%","63,66%",198,2349,143,1480,"0,94%",335.849,2.244.826.963
SEER3,SER EDUCA,1093,"14,19%","10,57%","11,56%","22,09%",222,942,096,525,"3,34%",10.122.576,1.406.926.651
SEQL3,SEQUOIA LOG,1310,"4,13%","1,84%","0,71%","3,60%",326,19634,304,4677,"0,00%",27.518.984,1.826.547.528
SGPS3,SPRINGS,699,"5,50%","-10,73%","-6,65%","6,33%",281,-294,033,966,"0,00%",737.954,349.500.000
SHOW3,TIME FOR FUN,397,"-20,02%","-45,41%","-1.052,26%","-786,98%",264,-279,161,-288,"0,00%",3.620.789,267.628.137
SHUL3,SCHULZ,11191,"13,48%","24,29%","12,32%","13,54%",238,11323,2507,5036,"0,00%",0,9.398.678.303
SHUL4,SCHULZ,835,"13,48%","24,29%","12,32%","13,54%",238,845,187,5036,"2,61%",3.903.224,9.398.678.303
SIMH3,SIMPAR,1050,"8,70%","26,35%","8,31%","18,63%",823,931,192,953,"0,82%",38.964.158,8.548.169.931
SLCE3,SLC AGRICOLA,4308,"25,03%","27,91%","18,84%","29,24%",254,847,209,638,"2,93%",59.464.574,8.319.241.438
SLED3,SARAIVA LIVR,058,"184,51%","62,92%","-226,00%","-206,13%",-93,-013,-006,-115,"0,00%",113.928,25.207.920
SLED4,SARAIVA LIVR,029,"184,51%","62,92%","-226,00%","-206,13%",-93,-007,-003,-115,"0,00%",308.535,25.207.920
SMFT3,SMART FIT,2081,"-9,58%","-30,77%","-51,32%","-35,53%",366,-1827,585,-3030,"0,00%",29.914.255,12.199.702.034
SMTO3,SAO MARTINHO,3950,"17,23%","25,45%","21,91%","37,22%",318,1396,312,1076,"3,07%",43.334.688,13.983.447.496
SNSY3,SANSUY,1199,"1,31%","7,92%","-16,23%","-2,49%",-28,-085,-006,-1012,"0,00%",11.357,57.100.177
SNSY5,SANSUY,498,"1,31%","7,92%","-16,23%","-2,49%",-28,-035,-003,-1012,"0,00%",24.886,57.100.177
SNSY6,SANSUY,1151,"1,31%","7,92%","-16,23%","-2,49%",-28,-082,-006,-1012,"0,00%",0,57.100.177
SOJA3,BOA SAFRA,1390,"23,46%","25,48%","12,57%","17,62%",239,2187,302,1513,"0,00%",4.042.586,1.628.250.531
SOMA3,GRUPO SOMA,1359,"6,44%","8,62%","5,40%","5,76%",200,12185,615,11369,"0,00%",73.833.194,10.664.716.799
SOND3,SONDOTECNICA,4020,"6,10%","5,29%","4,95%","5,71%",139,2935,180,1784,"0,00%",0,90.525.761
SOND5,SONDOTECNICA,3453,"6,10%","5,29%","4,95%","5,71%",139,2521,154,1784,"24,67%",2.372,90.525.761
SOND6,SONDOTECNICA,3551,"6,10%","5,29%","4,95%","5,71%",139,2592,159,1784,"0,00%",440,90.525.761
SQIA3,SINQIA,1719,"3,42%","2,35%","3,85%","7,19%",151,14660,340,7929,"0,11%",26.549.222,1.511.722.499
STBP3,SANTOS BRP,571,"9,86%","5,70%","8,53%","18,32%",221,4918,225,1969,"0,00%",35.104.077,4.926.762.452
STKF3,STATKRAFT,,"5,53%","3,32%","10,40%","24,51%",168,,,,,0,
STTR3,STARA,,"27,30%","31,10%","12,42%","14,78%",175,,,,,0,
SULA11,SUL AMERICA,2596,"4,42%","23,87%","9,32%","2,20%",363,597,138,-861,"3,81%",101.454.702,11.178.893.224
SULA3,SUL AMERICA,890,"4,42%","23,87%","9,32%","2,20%",363,614,141,-861,"3,70%",192.798,11.178.893.224
SULA4,SUL AMERICA,860,"4,42%","23,87%","9,32%","2,20%",363,593,137,-861,"3,83%",323.761,11.178.893.224
SUZB3,SUZANO S.A.,4891,"18,55%","162,34%","32,62%","42,22%",1452,544,489,790,"0,00%",453.020.853,66.579.401.893
SYNE3,SYN PROP TEC,1321,"5,62%","4,52%","27,70%","53,02%",170,1472,068,1174,"7,29%",3.816.045,2.016.433.118
TAEE11,TAESA,3680,"30,59%","45,14%","67,79%","99,07%",244,476,199,484,"12,24%",87.402.941,12.741.555.488
TAEE3,TAESA,1238,"30,59%","45,14%","67,79%","99,07%",244,481,201,484,"12,13%",922.557,12.741.555.488
TAEE4,TAESA,1226,"30,59%","45,14%","67,79%","99,07%",244,476,199,484,"12,25%",2.290.679,12.741.555.488
TASA3,TAURUS ARMAS,2148,"90,62%","-20.062,96%","28,97%","30,46%",-44781,391,696,425,"0,00%",1.127.209,2.449.821.000
TASA4,TAURUS ARMAS,2055,"90,62%","-20.062,96%","28,97%","30,46%",-44781,374,666,425,"0,00%",32.230.239,2.449.821.000
TCNO3,TECNOSOLO,274,"-2,45%","-130,78%",,,36695,-2167,8171,-5844,"0,00%",185.573,15.281.060
TCNO4,TECNOSOLO,207,"-2,45%","-130,78%",,,36695,-1637,6173,-5844,"0,00%",352.393,15.281.060
TCSA3,TECNISA,380,"-8,65%","-18,77%","-73,55%","-52,73%",204,-189,038,-629,"0,00%",5.133.471,279.753.074
TECN3,TECHNOS,291,"8,03%","3,20%","3,31%","12,17%",202,2261,071,683,"0,00%",13.086.582,228.453.086
TEGA3,TEGRA INCORP,,"4,59%","4,08%","18,15%","26,40%",165,,,,,0,
TEKA3,TEKA,2610,"-0,52%","7,02%","-63,59%","3,31%",-59,-011,-001,9060,"0,00%",813,7.399.742
TEKA4,TEKA,900,"-0,52%","7,02%","-63,59%","3,31%",-59,-004,000,9060,"0,00%",30.654,7.399.742
TELB3,TELEBRAS,4700,"-4,25%","-7,11%","-40,30%","-28,23%",269,-2898,214,-2556,"0,00%",61.366,2.668.895.894
TELB4,TELEBRAS,1871,"-4,25%","-7,11%","-40,30%","-28,23%",269,-1153,085,-2556,"0,00%",107.374,2.668.895.894
TEND3,TENDA,1850,"10,99%","14,55%","8,00%","11,19%",295,914,129,715,"1,88%",27.023.263,1.930.368.551
TFCO4,TRACK FIELD,1150,"38,59%","39,93%","13,99%","19,41%",274,22561,4912,1251,"0,34%",2.626.696,827.917.936
TGMA3,TEGMA,1521,"16,22%","16,50%","9,59%","13,65%",166,976,153,678,"5,70%",9.223.733,1.003.904.337
TIMS3,TIM,1146,"17,91%","15,81%","12,40%","15,81%",175,733,113,493,"3,86%",72.797.759,27.742.418.401
TKNO3,TEKNO,,"22,78%","17,65%","13,85%","19,17%",133,,,408,,0,183.501.173
TKNO4,TEKNO,6225,"22,78%","17,65%","13,85%","19,17%",133,529,087,408,"3,35%",462,183.501.173
TOTS3,TOTVS,3310,"12,31%","12,78%","11,74%","16,71%",244,6103,750,4448,"0,85%",142.027.704,20.428.763.291
TPIS3,TRIUNFO PART,211,"6,25%","16,04%","12,59%","16,34%",435,294,044,1256,"1,95%",8.881.274,371.360.000
TRAD3,TC,630,"-7,52%","-8,10%","-2,75%","-6,00%",294,-71294,3630,-33295,"0,00%",19.573.811,1.774.376.969
TRIS3,TRISUL,596,"12,86%","15,56%","20,68%","23,17%",171,584,086,569,"4,06%",12.573.740,1.112.240.526
TRPL3,TRAN PAULIST,3179,"23,44%","22,47%","59,71%","83,50%",176,652,140,520,"10,90%",50.825,18.171.356.876
TRPL4,TRAN PAULIST,2487,"23,44%","22,47%","59,71%","83,50%",176,510,110,520,"13,93%",35.864.874,18.171.356.876
TTEN3,3TENTOS,900,"25,08%","50,57%","8,37%","8,38%",386,1121,519,1320,"0,00%",11.367.714,4.447.058.823
TUPY3,TUPY,2117,"9,15%","9,46%","4,04%","7,55%",251,1323,122,889,"0,64%",20.773.419,3.052.237.675
TXRX3,TEX RENAUX,2980,"-31,85%","2,95%","-7,09%","19,32%",-63,-1392,-040,1273,"0,00%",1.937,68.350.604
TXRX4,TEX RENAUX,890,"-31,85%","2,95%","-7,09%","19,32%",-63,-416,-012,1273,"0,00%",12.436,68.350.604
UCAS3,UNICASA,418,"17,81%","14,88%","12,85%","16,20%",142,1165,175,795,"5,10%",271.116,276.241.002
UGPA3,ULTRAPAR,1302,"6,03%","8,47%","0,86%","1,78%",358,1753,144,1524,"4,92%",128.623.578,14.518.702.033
UNIP3,UNIPAR,8098,"61,18%","57,06%","20,24%","31,44%",264,786,382,464,"9,01%",3.144.547,7.331.185.143
UNIP5,UNIPAR,7600,"61,18%","57,06%","20,24%","31,44%",264,737,358,464,"10,56%",25.396,7.331.185.143
UNIP6,UNIPAR,7583,"61,18%","57,06%","20,24%","31,44%",264,736,358,464,"10,58%",25.285.725,7.331.185.143
UPKP3B,UPTICK,,"23,02%","22,77%",,,101,,,,,0,
USIM3,USIMINAS,1274,"44,84%","49,44%","30,44%","36,48%",174,168,070,131,"8,80%",7.513.384,16.161.832.746
USIM5,USIMINAS,1310,"44,84%","49,44%","30,44%","36,48%",174,173,072,131,"9,41%",398.484.128,16.161.832.746
USIM6,USIMINAS,1899,"44,84%","49,44%","30,44%","36,48%",174,251,104,131,"6,49%",212,16.161.832.746
VALE3,VALE,7232,"44,73%","50,91%","31,39%","39,33%",248,391,200,325,"20,26%",2.340.856.844,371.179.391.343
VAMO3,VAMOS,1127,"14,00%","20,92%","13,89%","25,43%",332,3249,404,1989,"0,00%",51.364.322,11.010.654.422
VBBR3,VIBRA,2176,"26,86%","40,37%","4,33%","5,33%",260,582,215,600,"10,71%",32.873.620,25.350.400.000
VIIA3,VIA,665,"10,08%","21,81%","3,79%","4,50%",550,859,169,1209,"0,00%",268.109.365,10.629.446.277
VITT3,VITTIA,942,"20,41%","33,51%","14,25%","16,24%",225,1564,461,1593,"0,00%",1.316.870,1.347.522.588
VIVA3,VIVARA S.A.,2638,"18,70%","18,36%","17,77%","22,81%",172,2906,496,2212,"0,60%",34.426.244,6.230.897.146
VIVR3,VIVER,202,"-266,27%","87,06%","-210,81%","-178,52%",-254,-201,-167,-357,"0,00%",47.504.725,283.668.220
VIVT3,TELEF BRASIL,4656,"8,73%","7,03%","11,19%","16,42%",160,1609,113,1152,"6,85%",113.153.329,78.732.258.015
VLID3,VALID,727,"1,42%","-6,45%","-3,61%","1,68%",253,-789,051,4268,"0,00%",3.095.439,596.651.713
VSPT3,FER C ATLANT,"4.999.999,50","1,19%","-4,05%","-7,12%","2,10%",180,"-3.637.006,53","143.961,18","12.356.389,92","0,00%",0,
VSPT4,FER C ATLANT,,"1,19%","-4,05%","-7,12%","2,10%",180,,,"12.356.389,92",,0,
VULC3,VULCABRAS,902,"14,43%","18,05%","13,14%","13,55%",151,1086,180,1154,"0,00%",8.140.881,2.216.721.321
VVEO3,VIVEO,1993,"16,52%","25,11%","5,86%","8,28%",371,1694,385,1296,"0,00%",7.346.813,5.702.438.565
WEGE3,WEG,3696,"28,66%","28,73%","16,09%","18,41%",169,4400,1181,3814,"1,11%",297.150.441,155.132.873.206
WEST3,WESTWING,360,"-11,30%","-8,63%","-5,90%","-8,66%",154,-2244,098,-287,"0,00%",5.004.365,396.169.369
WHRL3,WHIRLPOOL,672,"53,35%","50,57%","8,87%","11,68%",354,1039,505,740,"6,53%",84.477,10.838.294.738
WHRL4,WHIRLPOOL,828,"53,35%","50,57%","8,87%","11,68%",354,1280,622,740,"5,83%",129.599,10.838.294.738
WIZS3,WIZ S.A.,1013,"111,36%","70,67%","27,26%","42,97%",232,640,373,334,"6,01%",44.621.402,1.619.860.767
WLMM3,WLM IND COM,3331,"25,58%","19,34%","5,87%","8,09%",128,1315,236,919,"1,71%",5.640,1.280.837.257
WLMM4,WLM IND COM,3673,"25,58%","19,34%","5,87%","8,09%",128,1450,260,919,"1,71%",65.505,1.280.837.257
YDUQ3,YDUQS PART,2119,"5,82%","5,25%","4,05%","11,36%",293,3864,201,2038,"2,22%",73.136.643,6.549.592.753
